ID,ProductID,SupplierName,SupplierCountry,SupplierContactEmail,Specifications,MarketingMaterial
12,12,ABC Coffee Co. Roasters,USA,info@abccoffee.com,"Origin: Blend of Central and South American beans
Altitude: Various (1,200 - 1,800 meters)
Variety: Mixed (Arabica)
Process: Washed
Roast: Dark
Tasting Notes: Rich, bittersweet chocolate, caramel
Aroma: Strong and fragrant
Body: Full
Acidity: Low
Package: 12 oz (340g) bag with one-way valve for freshness
Roast Date: Clearly stamped on each bag","Elevate your espresso experience with our carefully crafted Espresso Blend. This dark roast combines select Central and South American beans to create a rich, full-bodied coffee perfect for espresso brewing.

In the cup, you'll find pronounced notes of bittersweet chocolate and caramel, creating a complex and satisfying flavor profile. The low acidity and full body produce a smooth, creamy espresso with a beautiful crema.

Our roasters have fine-tuned this blend to perform exceptionally well under pressure, making it ideal for espresso machines and stovetop brewers. Whether you're pulling a single shot or crafting a latte, our Espresso Blend provides the perfect foundation for your favorite coffee drinks."

13,13,ABC Coffee Co. Roasters,USA,info@abccoffee.com,"Origin: Blend of Brazilian and Colombian beans
Altitude: Various (1,000 - 1,800 meters)
Variety: Mixed (Arabica)
Process: Washed
Roast: Very Dark
Tasting Notes: Intense, smoky, with hints of dark chocolate
Aroma: Bold and roasty
Body: Very Full
Acidity: Very Low
Package: 12 oz (340g) bag with one-way valve for freshness
Roast Date: Clearly stamped on each bag","Dive into the deep, intense flavors of our Italian Roast Espresso, a blend that pays homage to the bold coffee traditions of Italy. This very dark roast combines Brazilian and Colombian beans to create a coffee that stands up beautifully in milk-based drinks.

The flavor profile is dominated by smoky, roasty notes with hints of dark chocolate. The very low acidity and full body produce a smooth, rich espresso with a thick, lasting crema.

Our roasters have pushed this blend to the edge of darkness, creating a powerful yet balanced coffee that's perfect for those who love their espresso strong and intense. Whether you're making a cappuccino, latte, or enjoying it as a straight shot, our Italian Roast Espresso delivers a truly authentic espresso experience."

14,14,Federación Nacional de Cafeteros,Colombia,export@cafedecolombia.com,"Origin: Huila region, Colombia
Altitude: 1,500 - 1,900 meters
Variety: Caturra, Castillo
Process: Washed, Swiss Water Process Decaf
Roast: Medium
Tasting Notes: Chocolate, caramel, mild citrus
Aroma: Sweet with hints of nuts
Body: Medium
Acidity: Balanced
Package: 12 oz (340g) bag with one-way valve for freshness
Roast Date: Clearly stamped on each bag","Enjoy the full flavor of Colombian coffee without the caffeine with our Decaf Colombian. Using the Swiss Water Process, we've carefully removed the caffeine while preserving the coffee's delightful taste profile.

You'll still experience the smooth, well-balanced flavors that Colombian coffee is known for, with notes of chocolate and caramel, and a hint of citrus. The medium body and balanced acidity make this a versatile choice for any time of day.

Our partnership with the Colombian Coffee Growers Federation ensures that this decaf option is not only delicious but also ethically sourced. Whether you're cutting back on caffeine or looking for an evening cup, our Decaf Colombian delivers all the flavor without keeping you up at night."

15,15,ABC Coffee Co. Roasters,USA,info@abccoffee.com,"Origin: Blend of Central and South American beans
Altitude: Various (1,200 - 1,800 meters)
Variety: Mixed (Arabica)
Process: Washed, Swiss Water Process Decaf
Roast: Dark
Tasting Notes: Rich, bittersweet chocolate, caramel
Aroma: Strong and fragrant
Body: Full
Acidity: Low
Package: 12 oz (340g) bag with one-way valve for freshness
Roast Date: Clearly stamped on each bag","Experience the rich taste of espresso without the caffeine with our Decaf Espresso Blend. This carefully crafted blend uses beans that have undergone the Swiss Water Process to remove caffeine while maintaining the coffee's integral flavors.

In the cup, you'll find the same pronounced notes of bittersweet chocolate and caramel that characterize our regular Espresso Blend. The low acidity and full body produce a smooth, creamy espresso with a beautiful crema, all without the caffeine kick.

Our roasters have ensured that this decaf version performs just as well under pressure as its caffeinated counterpart. Whether you're enjoying an after-dinner espresso or are sensitive to caffeine, our Decaf Espresso Blend lets you indulge in the full espresso experience any time of day."

16,16,Cooperativa Agraria Cafetalera Perené,Peru,info@cooperativaperene.pe,"Origin: Junín region, Peru
Altitude: 1,200 - 1,800 meters
Variety: Typica, Bourbon, Caturra
Process: Washed
Roast: Medium
Tasting Notes: Nutty, chocolate, with a hint of citrus
Aroma: Sweet and balanced
Body: Medium
Acidity: Mild to medium
Package: 12 oz (340g) bag with one-way valve for freshness
Roast Date: Clearly stamped on each bag","Discover the smooth, balanced flavors of our Organic Peru, a coffee that exemplifies the best of South American organic farming practices. Grown in the lush Junín region, these beans are cultivated without synthetic pesticides or fertilizers, resulting in a clean, pure taste.

Each sip offers a harmonious blend of nutty and chocolate notes, with a subtle citrus brightness. The mild acidity and medium body make this an extremely approachable and versatile coffee.

Our partnership with the Cooperativa Agraria Cafetalera Perené ensures that this coffee is not only certified organic but also ethically sourced. By choosing this coffee, you're supporting sustainable farming practices and contributing to the livelihood of small-scale farmers in Peru."

17,17,ABC Coffee Co. Roasters,USA,info@abccoffee.com,"Origin: Blend of Central and South American beans
Altitude: Various (1,000 - 1,800 meters)
Variety: Mixed (Arabica)
Process: Washed
Roast: Very Dark
Tasting Notes: Smoky, intense, with a hint of dark chocolate
Aroma: Bold and powerful
Body: Full
Acidity: Very Low
Package: 12 oz (340g) bag with one-way valve for freshness
Roast Date: Clearly stamped on each bag","Embrace the bold intensity of our French Roast, a coffee that pushes the boundaries of darkness. This very dark roast blend combines carefully selected Central and South American beans to create a powerful, smoky flavor profile.

In the cup, you'll experience an intense, smoky taste with subtle hints of dark chocolate. The very low acidity and full body result in a smooth, rich coffee that stands up well to milk and sweeteners.

Our roasters have skillfully brought these beans to the peak of darkness without crossing into bitterness. Whether you're looking for a strong start to your day or a robust after-dinner coffee, our French Roast delivers a deeply satisfying experience for those who love their coffee dark and intense."

18,18,ABC Coffee Co. Roasters,USA,info@abccoffee.com,"Origin: Blend of South American and African beans
Altitude: Various (1,200 - 2,000 meters)
Variety: Mixed (Arabica)
Process: Washed and Natural
Roast: Medium
Tasting Notes: Smooth, balanced, with notes of chocolate and fruit
Aroma: Rich and complex
Body: Full
Acidity: Balanced
Package: 1 lb (454g) bag with one-way valve for freshness
Roast Date: Clearly stamped on each bag","Elevate your cold brew experience with our specially crafted Cold Brew Blend. This carefully selected mix of South American and African beans is designed to shine when steeped in cold water, resulting in a smooth, flavorful concentrate.

The flavor profile offers a perfect balance of chocolate notes and subtle fruitiness, creating a complex and satisfying cold brew. The full body ensures that the coffee stands up well to ice and milk, making it versatile for a variety of cold coffee drinks.

Our roasters have developed this blend to be coarse ground, optimizing it for cold brew preparation. Whether you're making a big batch for the week or experimenting with nitro cold brew at home, this blend provides the ideal foundation for your cold coffee creations."

19,19,Baratza,USA,info@baratza.com,"Type: Burr Grinder
Burr Type: Stainless Steel Conical Burrs
Grind Settings: 40
Hopper Capacity: 8 oz (227g)
Power: 110V AC (220V EU model available)
Dimensions: 12.5""H x 4.7""W x 6.3""D
Weight: 3.4 lbs (1.54 kg)
Warranty: 1 year","Achieve precision in your coffee grinding with our Precision Coffee Grinder. Designed for the discerning home barista, this grinder offers cafe-quality results in a compact, kitchen-friendly design.

The stainless steel conical burrs ensure a consistent grind size, critical for even extraction and great-tasting coffee. With 40 grind settings, you can easily adjust from fine espresso to coarse French press grind and everything in between.

The 8 oz hopper capacity is perfect for home use, while the compact design doesn't compromise on power or performance. Whether you're just starting your home coffee journey or are a seasoned enthusiast, our Precision Coffee Grinder is the perfect tool to elevate your coffee game."

20,20,Breville,Australia,info@breville.com,"Type: Drip Coffee Maker
Capacity: 12 cups
Carafe: Thermal Stainless Steel
Programmable: Yes, with 24-hour start timer
Brew Strength Control: Yes
Water Filter: Yes, built-in
Dimensions: 14.5""H x 9.5""W x 12.5""D
Power: 1100 Watts
Warranty: 2 years","Elevate your home brewing experience with our Coffee Maker Deluxe, a premium drip coffee maker designed for coffee enthusiasts who demand cafe-quality results at home.

This state-of-the-art machine features precise temperature control and a shower head design that ensures even saturation of coffee grounds, resulting in optimal extraction and superior flavor. The thermal carafe keeps your coffee hot for hours without compromising taste.

Programmable features allow you to set your brew up to 24 hours in advance, while the adjustable brew strength control lets you customize each pot to your preference. The built-in water filter ensures that your coffee always starts with the purest water possible.

Whether you're brewing for one or entertaining a crowd, the Coffee Maker Deluxe delivers consistently delicious coffee with the convenience and control you deserve."
